dataset,comparison,n_total,n_dropped_intersect,both_correct,both_wrong,b,c,p_value,significant_005
PartialSpoof,BAM_vs_CFPRF,71237,0,66896,227,3960,154,0.0,True
PartialSpoof,BAM_vs_MRM,71237,0,70344,156,512,225,1.352012130778374e-26,True
PartialSpoof,CFPRF_vs_MRM,71237,0,66749,367,301,3820,0.0,True
LlamaPartialSpoof,BAM_vs_CFPRF,140607,9,114876,4339,7297,14095,0.0,True
LlamaPartialSpoof,BAM_vs_MRM,140607,9,114783,2729,7390,15705,0.0,True
LlamaPartialSpoof,CFPRF_vs_MRM,140607,9,125992,7140,2979,4496,2.6754827945470755e-69,True
HQ-MPSD,BAM_vs_CFPRF,21588,0,18088,545,2147,808,1.1070371470995654e-138,True
HQ-MPSD,BAM_vs_MRM,21588,0,18422,631,1813,722,2.5088711367777103e-107,True
HQ-MPSD,CFPRF_vs_MRM,21588,0,18047,1595,849,1097,2.0644193024134167e-08,True
