{
  "cfprf": {
    "frame_shift_ms": 20,
    "n_utterances": 71237,
    "n_processed": 71237,
    "utt_eer": 0.05879590494952196,
    "utt_eer_threshold": 0.7196543216705322,
    "seg_eer_20ms": 0.07699134402460485,
    "seg_eer_40ms": 0.09066552125944533,
    "seg_eer_80ms": 0.1377641640092196,
    "seg_eer_160ms": 0.21040162674531673,
    "seg_eer_320ms": 0.3012623523381532,
    "seg_eer_640ms": 0.3818181818181819,
    "seg_f1_20ms": 0.8961209472343494
  },
  "bam": {
    "frame_shift_ms": 160,
    "n_utterances": 71237,
    "n_processed": 71237,
    "utt_eer": 0.00535362073828966,
    "utt_eer_threshold": 0.9999780654907227,
    "seg_eer_160ms": 0.04651764584800689,
    "seg_eer_320ms": 0.19665564113318332,
    "seg_eer_640ms": 0.2753466378145003,
    "seg_f1_160ms": 0.7956253414608867
  },
  "mrm": {
    "frame_shift_ms": 20,
    "n_utterances": 71237,
    "n_processed": 71237,
    "utt_eer": 0.009381373215883207,
    "utt_eer_threshold": 0.9263059496879578,
    "seg_eer_20ms": 0.13914493219133836,
    "seg_eer_40ms": 0.13801564691472903,
    "seg_eer_80ms": 0.19075638530386854,
    "seg_eer_160ms": 0.2664924369862982,
    "seg_eer_320ms": 0.3394382157926339,
    "seg_eer_640ms": 0.3939663300875616,
    "seg_f1_20ms": 0.818108007421067
  }
}