{
  "bam": {
    "frame_eer": 0.16331886422094058,
    "frame_thresh": 0.9999083280563354,
    "mean_tiou": 0.594715485495922,
    "median_tiou": 0.6424041741922537,
    "iou_ge_07": 0.4362418208572055,
    "iou_ge_09": 0.13451363451363452,
    "n_spoof": 63882
  },
  "cfprf": {
    "frame_eer": 0.08093531819346822,
    "frame_thresh": 0.3542732000350952,
    "mean_tiou": 0.7825980543290209,
    "median_tiou": 0.8790322580645161,
    "iou_ge_07": 0.7284368053598823,
    "iou_ge_09": 0.4574841113302652,
    "n_spoof": 63882
  },
  "mrm": {
    "frame_eer": 0.1431954170220055,
    "frame_thresh": 0.5038838982582092,
    "mean_tiou": 0.6729508797351225,
    "median_tiou": 0.75,
    "iou_ge_07": 0.5580288657211734,
    "iou_ge_09": 0.2501330578253655,
    "n_spoof": 63882
  }
}